{"loss": [0.6090017557144165, 0.599678099155426, 0.590240478515625, 0.5827520489692688, 0.5718308091163635, 0.5578244924545288, 0.5436796545982361, 0.523234486579895, 0.5066699385643005, 0.4929265081882477, 0.47843465209007263, 0.46744340658187866, 0.4570910632610321, 0.43895766139030457, 0.4319029748439789, 0.41954633593559265, 0.40877318382263184, 0.4006307125091553, 0.3899695575237274, 0.3820386528968811, 0.3754916787147522, 0.3671451807022095, 0.3580637574195862, 0.3540790379047394, 0.348168283700943, 0.33695268630981445, 0.32911568880081177, 0.32654130458831787, 0.32453200221061707, 0.3144233226776123, 0.3097359836101532, 0.30637654662132263, 0.3050771653652191, 0.2979412376880646, 0.28989100456237793, 0.2932388186454773, 0.2848495841026306, 0.27788645029067993, 0.27913397550582886, 0.27861255407333374, 0.27293717861175537, 0.27018415927886963, 0.2675027549266815, 0.2617935836315155, 0.2616441249847412, 0.257351279258728, 0.25522860884666443, 0.2514604330062866, 0.25090518593788147, 0.24906092882156372, 0.24679003655910492, 0.24239614605903625, 0.24049626290798187, 0.24453896284103394, 0.23689191043376923, 0.24105727672576904, 0.23269468545913696, 0.23245176672935486, 0.231933131814003, 0.22901569306850433, 0.22748668491840363, 0.22766776382923126, 0.22341324388980865, 0.22480006515979767, 0.22342649102210999, 0.21973377466201782, 0.21945704519748688, 0.21665595471858978, 0.21519143879413605, 0.2145403027534485, 0.21486933529376984, 0.21719524264335632, 0.21687822043895721, 0.21165692806243896, 0.2083035260438919, 0.2102862149477005, 0.21186122298240662, 0.20880550146102905, 0.20533667504787445, 0.20415380597114563, 0.20594781637191772, 0.20452408492565155, 0.19995634257793427, 0.20027871429920197, 0.20285966992378235, 0.1991748958826065, 0.1979231983423233, 0.20127618312835693, 0.19572901725769043, 0.20164574682712555, 0.19746564328670502, 0.19590513408184052, 0.1966841071844101, 0.19730433821678162, 0.19534993171691895, 0.19563810527324677, 0.19392365217208862, 0.19707247614860535, 0.19048351049423218, 0.1943148523569107], "accuracy": [0.8550151586532593, 0.8604514598846436, 0.8728163838386536, 0.8806437253952026, 0.8908078074455261, 0.8961396217346191, 0.8980374336242676, 0.9049869179725647, 0.906324565410614, 0.9093196988105774, 0.9148604869842529, 0.9170488119125366, 0.9188671708106995, 0.924665093421936, 0.9246107339859009, 0.9294409155845642, 0.9313031435012817, 0.9329313635826111, 0.9366098642349243, 0.937130331993103, 0.9394732713699341, 0.9403594732284546, 0.9422928094863892, 0.9437119960784912, 0.9443619847297668, 0.9460424184799194, 0.9488055109977722, 0.9487386345863342, 0.9496227502822876, 0.9510063529014587, 0.9519971013069153, 0.953575074672699, 0.9515999555587769, 0.9548667669296265, 0.9561312794685364, 0.9543358683586121, 0.9566913843154907, 0.9585891962051392, 0.9574083089828491, 0.9567937850952148, 0.9587417840957642, 0.9605036973953247, 0.9595004916191101, 0.9603782892227173, 0.9614546895027161, 0.9615780115127563, 0.9613732099533081, 0.9626795053482056, 0.9621632099151611, 0.9636932015419006, 0.9639021754264832, 0.9647946357727051, 0.9640380144119263, 0.9644936919212341, 0.9647068381309509, 0.9638959169387817, 0.9660089612007141, 0.9655658602714539, 0.9650391936302185, 0.9657435417175293, 0.9664437174797058, 0.9665105938911438, 0.967273473739624, 0.9666151404380798, 0.967426061630249, 0.9674156308174133, 0.9674574136734009, 0.9684606790542603, 0.9686216115951538, 0.9678022861480713, 0.9685589075088501, 0.9675660729408264, 0.9678921699523926, 0.9688681960105896, 0.9689455628395081, 0.9686362147331238, 0.968370795249939, 0.969365656375885, 0.9693614840507507, 0.9694638848304749, 0.9692736864089966, 0.9698818922042847, 0.9704127907752991, 0.9703145623207092, 0.9697564840316772, 0.970546543598175, 0.9703814387321472, 0.9697648882865906, 0.9712655544281006, 0.9695767760276794, 0.9709499478340149, 0.9708412289619446, 0.9706175923347473, 0.9699613451957703, 0.9708747267723083, 0.9705235362052917, 0.970799446105957, 0.9706155061721802, 0.971539318561554, 0.9708036184310913], "val_loss": [0.5606573820114136, 0.5608174204826355, 0.5570455193519592, 0.5734630227088928, 0.5944177508354187, 0.6400172710418701, 0.7805116772651672, 0.9291122555732727, 0.8119651079177856, 0.5871677398681641, 0.5466445684432983, 0.5103945136070251, 0.4750733971595764, 0.4818553626537323, 0.4616238474845886, 0.40753212571144104, 0.4360138475894928, 0.4030228853225708, 0.39026492834091187, 0.3778629004955292, 0.3730121850967407, 0.3445630967617035, 0.3611253798007965, 0.35618388652801514, 0.36089056730270386, 0.35137441754341125, 0.36112257838249207, 0.3576682507991791, 0.3605014979839325, 0.3535395562648773, 0.3569527864456177, 0.3559543192386627, 0.3617990016937256, 0.34447142481803894, 0.3532831072807312, 0.3642071485519409, 0.3548751175403595, 0.3541175425052643, 0.3627013862133026, 0.37334322929382324, 0.3676247000694275, 0.35338926315307617, 0.364883691072464, 0.36457064747810364, 0.3551051914691925, 0.36400601267814636, 0.36200788617134094, 0.3614533245563507, 0.3628579080104828, 0.36448419094085693, 0.35456594824790955, 0.3580552935600281, 0.3594490885734558, 0.355934739112854, 0.3586447834968567, 0.35792240500450134, 0.3479268252849579, 0.3507632613182068, 0.34649062156677246, 0.3495257794857025, 0.34777021408081055, 0.3484801948070526, 0.3444564938545227, 0.35539427399635315, 0.346930593252182, 0.344933420419693, 0.3336341977119446, 0.33203980326652527, 0.3365539014339447, 0.3359026610851288, 0.3359018564224243, 0.33582937717437744, 0.32643941044807434, 0.3280559778213501, 0.3302069306373596, 0.3246428966522217, 0.324086457490921, 0.3236910104751587, 0.3254741430282593, 0.31129637360572815, 0.3172917664051056, 0.3150930404663086, 0.3158383071422577, 0.3105635941028595, 0.30937063694000244, 0.30972281098365784, 0.31115156412124634, 0.3063737154006958, 0.31032660603523254, 0.3030880093574524, 0.3093053698539734, 0.30463889241218567, 0.305765300989151, 0.30907535552978516, 0.3027854263782501, 0.29912182688713074, 0.3003867566585541, 0.3029768764972687, 0.29928138852119446, 0.2931364178657532],