{"loss": [0.7785775065422058, 0.6776904463768005, 0.644993007183075, 0.6279889941215515, 0.6074175238609314, 0.5911072492599487, 0.5773845911026001, 0.5663177967071533, 0.5466903448104858, 0.5370073914527893, 0.5237322449684143, 0.49196067452430725, 0.475442498922348, 0.4555051922798157, 0.4495508670806885, 0.42770373821258545, 0.4106443226337433, 0.40502187609672546, 0.38674396276474, 0.3754483759403229, 0.4491143226623535, 0.41837379336357117, 0.39909788966178894, 0.3852088749408722, 0.3756074011325836, 0.36250796914100647, 0.3496919870376587, 0.3350212872028351, 0.33707061409950256, 0.3215789496898651, 0.3261116147041321, 0.30362915992736816, 0.28361159563064575, 0.26527413725852966, 0.2617458701133728, 0.24544543027877808, 0.24311913549900055, 0.22931259870529175, 0.22504280507564545, 0.21478460729122162, 0.29224643111228943, 0.2722252309322357, 0.24661555886268616, 0.24407455325126648, 0.22666355967521667, 0.22863711416721344, 0.21898415684700012, 0.21887928247451782, 0.20467065274715424, 0.20091040432453156, 0.25320613384246826, 0.21519620716571808, 0.2152671217918396, 0.20019638538360596, 0.19838252663612366, 0.1882050484418869, 0.18677562475204468, 0.18683747947216034, 0.177310511469841, 0.1740691214799881, 0.19980034232139587, 0.20043744146823883, 0.18295042216777802, 0.19092710316181183, 0.18358762562274933, 0.1740735024213791, 0.16827388107776642, 0.16058267652988434, 0.15865574777126312, 0.1647314727306366, 0.1842808723449707, 0.17974796891212463, 0.17102977633476257, 0.16605786979198456, 0.15786367654800415, 0.15112213790416718, 0.15085554122924805, 0.14569425582885742, 0.15036889910697937, 0.1481057107448578, 0.19400449097156525, 0.183811753988266, 0.16452781856060028, 0.16203086078166962, 0.15325379371643066, 0.15391230583190918, 0.14596939086914062, 0.13680744171142578, 0.14445044100284576, 0.1364574134349823],
  "accuracy": [0.7249119281768799, 0.8377763628959656, 0.8462561368942261, 0.857605516910553, 0.8642929792404175, 0.8693904280662537, 0.8731915950775146, 0.8754839897155762, 0.8799645900726318, 0.882081925868988, 0.884036660194397, 0.890153169631958, 0.894310712814331, 0.8981785774230957, 0.8992559909820557, 0.9030134677886963, 0.9069750905036926, 0.9078983068466187, 0.9109492301940918, 0.9142919778823853, 0.9007043838500977, 0.9050057530403137, 0.9098634719848633, 0.9137897491455078, 0.9155402779579163, 0.9190893173217773, 0.9205772876739502, 0.9250327944755554, 0.9245889186859131, 0.926731288433075, 0.9230280518531799, 0.9263249039649963, 0.9317599534988403, 0.9353089332580566, 0.9377409815788269, 0.9411190748214722, 0.940889835357666, 0.9433302283287048, 0.9455413222312927, 0.9474669098854065, 0.933627188205719, 0.937484622001648, 0.9388954639434814, 0.941642165184021, 0.9425591230392456, 0.9449557065963745, 0.9452953934669495, 0.9454996585845947, 0.9487610459327698, 0.9495133757591248, 0.9394415020942688, 0.945132851600647, 0.945374608039856, 0.9464749693870544, 0.9487026929855347, 0.9499781131744385, 0.9490694999694824, 0.9508492350578308, 0.9536459445953369, 0.952751874923706, 0.9473294019699097, 0.9472334980964661, 0.9522996544837952, 0.9520391821861267, 0.9505720734596252, 0.9542315602302551, 0.9559528827667236, 0.9579055905342102, 0.9589100480079651, 0.9561113119125366, 0.9511159658432007, 0.9528894424438477, 0.9522767663002014, 0.955179750919342, 0.9574179649353027, 0.9599437117576599, 0.9592726826667786, 0.9606272578239441, 0.9595186114311218, 0.9592038989067078, 0.9504365921020508, 0.9546941518783569, 0.9566301703453064, 0.9574575424194336, 0.9597978591918945, 0.9602771997451782, 0.9607836008071899, 0.9612482786178589, 0.9617817997932434, 0.9608815312385559],
  "val_loss": [0.768207848072052, 0.700998842716217, 0.6857924461364746, 0.679729700088501, 0.6749123334884644, 0.6714594960212708, 0.6664836406707764, 0.6605011224746704, 0.6565101146697998, 0.6513876914978027, 0.6374248266220093, 0.6272352337837219, 0.6173461675643921, 0.606796145439148, 0.5994493961334229, 0.5962929129600525, 0.5820399522781372, 0.5745193362236023, 0.5619732737541199, 0.5593580007553101, 0.5371304750442505, 0.5453175902366638, 0.5353822112083435, 0.5040342807769775, 0.4989985525608063, 0.49504953622817993, 0.4862056374549866, 0.4698602855205536, 0.4718591868877411, 0.45801156759262085, 0.45159220695495605, 0.41953662037849426, 0.45946934819221497, 0.44175007939338684, 0.4160396158695221, 0.43038615584373474, 0.41287699341773987, 0.5153865814208984, 0.4202512204647064, 0.4100247025489807, 0.42904776334762573, 0.39167776703834534, 0.41001614928245544, 0.43878042697906494, 0.4870324730873108, 0.42393314838409424, 0.42502304911613464, 0.42001092433929443, 0.4078935384750366, 0.4058183431625366, 0.46471846103668213, 0.4197714626789093, 0.4322780966758728, 0.46791738271713257, 0.4235207140445709, 0.43297281861305237, 0.49315011501312256, 0.42560267448425293, 0.4487936496734619, 0.47545769810676575, 0.4801409840583801, 0.5733606815338135, 0.4378416836261749, 0.4533497989177704, 0.5830801129341125, 0.4644625782966614, 0.4460250735282898, 0.45711567997932434, 0.4510749876499176, 0.46277856826782227, 0.6340017914772034, 0.5454720258712769, 0.5126248002052307, 0.4967820644378662, 0.5290963649749756, 0.5436177849769592, 0.5151782631874084, 0.4936063587665558, 0.5444315075874329, 0.5280131101608276, 0.47444266080856323, 0.4822917580604553, 0.4903508126735687, 0.4785071909427643, 0.4438709616661072, 0.4903646409511566, 0.41927728056907654, 0.4317898154258728, 0.4240048825740814, 0.4963322877883911],
  "val_accuracy": [0.7769365310668945, 0.8152784109115601, 0.830021858215332, 0.8389642834663391, 0.8462582230567932, 0.8494724035263062, 0.8517870306968689, 0.8546364903450012, 0.855147123336792, 0.8558424711227417, 0.8628106117248535, 0.8631947636604309, 0.8605057001113892, 0.8591150045394897, 0.8619742393493652, 0.8629759550094604, 0.8634135723114014, 0.8631850481033325, 0.8695015907287598, 0.869452953338623, 0.881400465965271, 0.8756576776504517, 0.8732555508613586, 0.8810794949531555, 0.8858205676078796, 0.8779333829879761, 0.8802820444107056, 0.8870654106140137, 0.8830099701881409, 0.8849015235900879, 0.8810697793960571, 0.8873036503791809, 0.8895939588546753, 0.8815657496452332, 0.8897982239723206, 0.8920009732246399, 0.892433762550354, 0.8744955062866211, 0.8927546739578247, 0.8962898254394531, 0.8996158242225647, 0.9009385108947754, 0.9036275148391724, 0.907293975353241, 0.8954437375068665, 0.9065207839012146, 0.902086079120636, 0.9030342698097229, 0.9066083431243896, 0.9039289951324463, 0.8908290863037109, 0.8930026888847351, 0.8958083987236023, 0.8834816217422485, 0.8960855603218079, 0.8939411640167236, 0.8831461071968079, 0.8952881097793579, 0.8923754096031189, 0.8861560821533203, 0.8889278173446655, 0.8767955303192139, 0.8982446193695068, 0.8951714038848877, 0.8731728792190552, 0.8894967436790466, 0.8959105014801025, 0.8925309777259827, 0.8986287117004395, 0.8888111114501953, 0.8567517399787903, 0.8879989981651306, 0.8795234560966492, 0.8838657736778259, 0.8818380832672119, 0.8729686141014099, 0.8815122842788696, 0.8860199451446533, 0.8803257942199707, 0.8825480341911316, 0.8850425481796265, 0.8791928291320801, 0.8723267912864685, 0.8794991374015808, 0.8890833854675293, 0.8725115656852722, 0.8991538882255554, 0.8916411399841309, 0.9065985679626465, 0.8722392320632935]}